Datum;Částka;Měna;Protistrana;VS;Zpráva;Zůstatek
05.07.2026;-68 000,00;CZK;Realitní správa Vinohrady;0726;Nájem skladu;1 782 000,00
12.07.2026;-412 500,00;CZK;Mzdy;;Výplaty zaměstnanců;1 369 500,00
02.08.2026;69 010,98;CZK;Alza Office s.r.o.;20260301;Úhrada FV20260301;1 438 510,98
05.08.2026;-68 000,00;CZK;Realitní správa Vinohrady;0726;Nájem skladu;1 370 510,98
06.08.2026;69 447,20;CZK;Škola Hostivař;20260303;Úhrada FV20260303;1 439 958,18
08.08.2026;36 542,11;CZK;Kanceláře Plus a.s.;20260302;Úhrada FV20260302;1 476 500,29
12.08.2026;-412 500,00;CZK;Mzdy;;Výplaty zaměstnanců;1 064 000,29
18.08.2026;111 277,65;CZK;Moravia Consult s.r.o.;20260304;Úhrada FV20260304;1 175 277,94
20.08.2026;-16 552,80;CZK;Papírna Brno a.s.;20261100;Faktura 2026-1100;1 158 725,14
22.08.2026;59 494,93;CZK;BrightDesk s.r.o.;20260306;Úhrada FV20260306;1 218 220,07
26.08.2026;115 220,82;CZK;Kanceláře Plus a.s.;20260308;Úhrada FV20260308;1 333 440,89
28.08.2026;-29 342,50;CZK;OfficeLine GmbH;1107;Faktura OL-1107;1 304 098,39
28.08.2026;-16 552,80;CZK;Papírna Brno a.s.;20261100;Faktura 2026-1100;1 287 545,59
30.08.2026;90 513,13;CZK;Alza Office s.r.o.;20260307;Úhrada FV20260307;1 378 058,72
02.09.2026;114 269,49;CZK;Městský úřad Kolín;20260305;Úhrada FV20260305;1 492 328,21
02.09.2026;120 476,07;CZK;Škola Hostivař;20260309;Úhrada FV20260309;1 612 804,28
04.09.2026;-11 954,80;CZK;Tonery Praha s.r.o.;1114;Faktura TP1114;1 600 849,48
05.09.2026;-68 000,00;CZK;Realitní správa Vinohrady;0726;Nájem skladu;1 532 849,48
07.09.2026;-13 572,33;CZK;Papírna Brno a.s.;20261121;Faktura 2026-1121;1 519 277,15
12.09.2026;-22 602,80;CZK;Kancl Nábytek s.r.o.;261128;Faktura KN-26/1128;1 496 674,35
12.09.2026;-412 500,00;CZK;Mzdy;;Výplaty zaměstnanců;1 084 174,35
16.09.2026;-43 227,25;CZK;OfficeLine GmbH;1135;Faktura OL-1135;1 040 947,10
21.09.2026;-20 303,80;CZK;Tonery Praha s.r.o.;1142;Faktura TP1142;1 020 643,30
21.09.2026;99 026,57;CZK;Městský úřad Kolín;20260311;Úhrada FV20260311;1 119 669,87
23.09.2026;55 772,10;CZK;Alza Office s.r.o.;20260313;Úhrada FV20260313;1 175 441,97
25.09.2026;139 157,70;CZK;Kanceláře Plus a.s.;20260314;Úhrada FV20260314;1 314 599,67
28.09.2026;52 720,65;CZK;Škola Hostivař;20260315;Úhrada FV20260315;1 367 320,32
29.09.2026;-43 384,55;CZK;Papírna Brno a.s.;20261149;Faktura 2026-1149;1 323 935,77
03.10.2026;-25 561,25;CZK;OfficeLine GmbH;1156;Faktura OL-1156;1 298 374,52
05.10.2026;-58 394,60;CZK;Kancl Nábytek s.r.o.;261163;Faktura KN-26/1163;1 239 979,92
05.10.2026;-68 000,00;CZK;Realitní správa Vinohrady;0726;Nájem skladu;1 171 979,92
