cislo_faktury;odberatel;datum_vystaveni;datum_splatnosti;castka_kc
FV20260301;Alza Office s.r.o.;01.07.2026;31.07.2026;69 010,98
FV20260302;Kanceláře Plus a.s.;05.07.2026;04.08.2026;36 542,11
FV20260303;Škola Hostivař;09.07.2026;08.08.2026;69 447,20
FV20260304;Moravia Consult s.r.o.;13.07.2026;12.08.2026;111 277,65
FV20260305;Městský úřad Kolín;17.07.2026;31.08.2026;114 269,49
FV20260306;BrightDesk s.r.o.;21.07.2026;20.08.2026;59 494,93
FV20260307;Alza Office s.r.o.;25.07.2026;24.08.2026;90 513,13
FV20260308;Kanceláře Plus a.s.;29.07.2026;28.08.2026;115 220,82
FV20260309;Škola Hostivař;02.08.2026;01.09.2026;120 476,07
FV20260310;Moravia Consult s.r.o.;06.08.2026;05.09.2026;75 840,00
FV20260311;Městský úřad Kolín;10.08.2026;24.09.2026;99 026,57
FV20260312;BrightDesk s.r.o.;14.08.2026;13.09.2026;107 201,44
FV20260313;Alza Office s.r.o.;18.08.2026;17.09.2026;55 772,10
FV20260314;Kanceláře Plus a.s.;22.08.2026;21.09.2026;139 157,70
FV20260315;Škola Hostivař;26.08.2026;25.09.2026;52 720,65
FV20260316;Moravia Consult s.r.o.;30.08.2026;29.09.2026;126 218,92
FV20260317;Městský úřad Kolín;03.09.2026;18.10.2026;60 334,64
FV20260318;BrightDesk s.r.o.;07.09.2026;07.10.2026;132 759,13
FV20260319;Alza Office s.r.o.;11.09.2026;11.10.2026;61 366,62
FV20260320;Kanceláře Plus a.s.;15.09.2026;15.10.2026;92 532,18
FV20260321;Škola Hostivař;19.09.2026;19.10.2026;78 230,55
FV20260322;Moravia Consult s.r.o.;23.09.2026;23.10.2026;44 621,35
