date,customer,channel,text
2026-07-01,Alza Office s.r.o.,email,"Toner TN-2420 leaked inside the printer, second time this month"
2026-07-04,Kanceláře Plus a.s.,email,Delivery came two days late again
2026-07-07,Škola Hostivař,phone,"Great prices on paper, fast delivery"
2026-07-07,Moravia Consult s.r.o.,email,Delivery came two days late again
2026-07-10,Městský úřad Kolín,phone,Chair ERGO 300 armrest broke after a week
2026-07-13,BrightDesk s.r.o.,email,Driver was very helpful
2026-07-13,Alza Office s.r.o.,phone,"Great prices on paper, fast delivery"
2026-07-16,Kanceláře Plus a.s.,web form,"Toner prints streaks, HP 59X compatible"
2026-07-19,Škola Hostivař,phone,Why was I invoiced twice for one order?
2026-07-19,Moravia Consult s.r.o.,phone,Invoice had the wrong VAT number
2026-07-22,Městský úřad Kolín,web form,"Toner TN-2420 leaked inside the printer, second time this month"
2026-07-25,BrightDesk s.r.o.,email,Delivery came two days late again
2026-07-25,Alza Office s.r.o.,email,Chair ERGO 300 armrest broke after a week
2026-07-28,Kanceláře Plus a.s.,web form,Invoice had the wrong VAT number
2026-07-31,Škola Hostivař,web form,Chair ERGO 300 armrest broke after a week
2026-07-31,Moravia Consult s.r.o.,email,Driver was very helpful
2026-08-03,Městský úřad Kolín,email,"Order arrived incomplete, missing binders"
2026-08-06,BrightDesk s.r.o.,email,"Toner prints streaks, HP 59X compatible"
2026-08-06,Alza Office s.r.o.,phone,"Order arrived incomplete, missing binders"
2026-08-09,Kanceláře Plus a.s.,email,Toner cartridge empty after 300 pages
2026-08-12,Škola Hostivař,email,"Toner TN-2420 leaked inside the printer, second time this month"
2026-08-12,Moravia Consult s.r.o.,email,"Toner prints streaks, HP 59X compatible"
2026-08-15,Městský úřad Kolín,phone,"Great prices on paper, fast delivery"
2026-08-18,BrightDesk s.r.o.,web form,Invoice had the wrong VAT number
2026-08-18,Alza Office s.r.o.,phone,Why was I invoiced twice for one order?
2026-08-21,Kanceláře Plus a.s.,web form,Driver was very helpful
2026-08-24,Škola Hostivař,email,"Order arrived incomplete, missing binders"
2026-08-24,Moravia Consult s.r.o.,phone,Toner cartridge empty after 300 pages
2026-08-27,Městský úřad Kolín,phone,Why was I invoiced twice for one order?
2026-08-30,BrightDesk s.r.o.,web form,Toner cartridge empty after 300 pages
2026-08-30,Alza Office s.r.o.,web form,"Toner TN-2420 leaked inside the printer, second time this month"
2026-09-02,Kanceláře Plus a.s.,email,Delivery came two days late again
2026-09-05,Škola Hostivař,phone,"Great prices on paper, fast delivery"
2026-09-05,Moravia Consult s.r.o.,phone,Delivery came two days late again
2026-09-08,Městský úřad Kolín,email,Chair ERGO 300 armrest broke after a week
2026-09-11,BrightDesk s.r.o.,phone,Driver was very helpful
